Category,ItemID
,1046741054
Clothing,1046741054
&,1046741054
Accessories,1046741054
,1046741054
Clothing,1046741054
&,1046741054
Accessories,1046741054
Men,1046741054
,1046741054
Clothing,1046741054
&,1046741054
Accessories,1046741054
Men,1046741054
Clothing: Regular,1046741054
,1046741054
Clothing,1046741054
&,1046741054
Accessories,1046741054
Men,1046741054
Clothing: Regular,1046741054
Outerwear,1046741054
,1046741054
Clothing,1046741054
&,1046741054
Accessories,1046741054
Men,1046741054
Clothing: Regular,1046741054
Outerwear,1046741054
Jackets,1046741054
,1046741054
Clothing,1046741054
&,1046741054
Accessories,1046741054
Men,1046741054
Clothing: Regular,1046741054
Outerwear,1046741054
Jackets,1046741054
Leather,1046741054
,1046741911
Collectibles,1046741911
,1046741911
Collectibles,1046741911
Pop Culture,1046741911
,1046741911
Collectibles,1046741911
Pop Culture,1046741911
Comics,1046741911
,1046741911
Collectibles,1046741911
Pop Culture,1046741911
Comics,1046741911
Figurines,1046741911
,1046743322
Collectibles,1046743322
,1046743322
Collectibles,1046743322
Decorative,1046743322
&,1046743322
Holiday,1046743322
,1046743322
Collectibles,1046743322
Decorative,1046743322
&,1046743322
Holiday,1046743322
Decorative by Brand,1046743322
,1046743322
Collectibles,1046743322
Decorative,1046743322
&,1046743322
Holiday,1046743322
Decorative by Brand,1046743322
Josef,1046743322
,1046743772
Collectibles,1046743772
,1046743772
Collectibles,1046743772
Housewares,1046743772
&,1046743772
Kitchenware,1046743772
,1046743772
Collectibles,1046743772
Housewares,1046743772
&,1046743772
Kitchenware,1046743772
Kitchenware,1046743772
,1046743772
Collectibles,1046743772
Housewares,1046743772
&,1046743772
Kitchenware,1046743772
Kitchenware,1046743772
Bread Boxes,1046743772
,1046744008
Collectibles,1046744008
,1046744008
Collectibles,1046744008
Housewares,1046744008
&,1046744008
Kitchenware,1046744008
,1046744008
Collectibles,1046744008
Housewares,1046744008
&,1046744008
Kitchenware,1046744008
Kitchenware,1046744008
,1046744008
Collectibles,1046744008
Housewares,1046744008
&,1046744008
Kitchenware,1046744008
Kitchenware,1046744008
Other Kitchenware,1046744008
,1046744653
Collectibles,1046744653
,1046744653
Collectibles,1046744653
"Autographs, Paper",1046744653
&,1046744653
Writing,1046744653
,1046744653
Collectibles,1046744653
"Autographs, Paper",1046744653
&,1046744653
Writing,1046744653
Paper,1046744653
,1046744653
Collectibles,1046744653
"Autographs, Paper",1046744653
&,1046744653
Writing,1046744653
Paper,1046744653
Postcards,1046744653
,1046744653
Collectibles,1046744653
"Autographs, Paper",1046744653
&,1046744653
Writing,1046744653
Paper,1046744653
Postcards,1046744653
"US State, Town Views",1046744653
,1046744653
Collectibles,1046744653
"Autographs, Paper",1046744653
&,1046744653
Writing,1046744653
Paper,1046744653
Postcards,1046744653
"US State, Town Views",1046744653
West Virginia,1046744653
,1046744794
Collectibles,1046744794
,1046744794
Collectibles,1046744794
Pop Culture,1046744794
,1046744794
Collectibles,1046744794
Pop Culture,1046744794
Pinbacks,1046744794
,1046744876
Sports,1046744876
,1046744876
Sports,1046744876
Memorabilia,1046744876
,1046744876
Sports,1046744876
Memorabilia,1046744876
Football-Other,1046744876
,1046746803
Collectibles,1046746803
,1046746803
Collectibles,1046746803
Housewares,1046746803
&,1046746803
Kitchenware,1046746803
,1046746803
Collectibles,1046746803
Housewares,1046746803
&,1046746803
Kitchenware,1046746803
Metalware,1046746803
,1046746803
Collectibles,1046746803
Housewares,1046746803
&,1046746803
Kitchenware,1046746803
Metalware,1046746803
Brass,1046746803
,1046747075
Collectibles,1046747075
,1046747075
Collectibles,1046747075
Pop Culture,1046747075
,1046747075
Collectibles,1046747075
Pop Culture,1046747075
Comics,1046747075
,1046747075
Collectibles,1046747075
Pop Culture,1046747075
Comics,1046747075
Collections,1046747075
,1046747948
Collectibles,1046747948
,1046747948
Collectibles,1046747948
Housewares,1046747948
&,1046747948
Kitchenware,1046747948
,1046747948
Collectibles,1046747948
Housewares,1046747948
&,1046747948
Kitchenware,1046747948
Textiles,1046747948
,1046747948
Collectibles,1046747948
Housewares,1046747948
&,1046747948
Kitchenware,1046747948
Textiles,1046747948
Table Linens,1046747948
,1046747948
Collectibles,1046747948
Housewares,1046747948
&,1046747948
Kitchenware,1046747948
Textiles,1046747948
Table Linens,1046747948
Tablecloths,1046747948
,1046748095
Collectibles,1046748095
,1046748095
Collectibles,1046748095
Housewares,1046748095
&,1046748095
Kitchenware,1046748095
,1046748095
Collectibles,1046748095
Housewares,1046748095
&,1046748095
Kitchenware,1046748095
Metalware,1046748095
,1046748095
Collectibles,1046748095
Housewares,1046748095
&,1046748095
Kitchenware,1046748095
Metalware,1046748095
Cast Iron,1046748095
,1046748106
Collectibles,1046748106
,1046748106
Collectibles,1046748106
Pop Culture,1046748106
,1046748106
Collectibles,1046748106
Pop Culture,1046748106
Comics,1046748106
,1046748106
Collectibles,1046748106
Pop Culture,1046748106
Comics,1046748106
Modern Age (1980-Now),1046748106
,1046748106
Collectibles,1046748106
Pop Culture,1046748106
Comics,1046748106
Modern Age (1980-Now),1046748106
Superhero,1046748106
,1046750204
Collectibles,1046750204
,1046750204
Collectibles,1046750204
Decorative,1046750204
&,1046750204
Holiday,1046750204
,1046750204
Collectibles,1046750204
Decorative,1046750204
&,1046750204
Holiday,1046750204
Decorative by Brand,1046750204
,1046750204
Collectibles,1046750204
Decorative,1046750204
&,1046750204
Holiday,1046750204
Decorative by Brand,1046750204
Dept 56,1046750204
,1046750204
Collectibles,1046750204
Decorative,1046750204
&,1046750204
Holiday,1046750204
Decorative by Brand,1046750204
Dept 56,1046750204
New England Village,1046750204
,1046750805
Collectibles,1046750805
,1046750805
Collectibles,1046750805
Decorative,1046750805
&,1046750805
Holiday,1046750805
,1046750805
Collectibles,1046750805
Decorative,1046750805
&,1046750805
Holiday,1046750805
Decorative by Brand,1046750805
,1046750805
Collectibles,1046750805
Decorative,1046750805
&,1046750805
Holiday,1046750805
Decorative by Brand,1046750805
Dept 56,1046750805
,1046750805
Collectibles,1046750805
Decorative,1046750805
&,1046750805
Holiday,1046750805
Decorative by Brand,1046750805
Dept 56,1046750805
North Pole,1046750805
